{"YOT": {"network": "CM", "channels": ["HNN", "BHE", "HHN", "BHN", "HHZ", "HHE", "BHZ", "HNZ", "HNE"], "coords": [3.9835, -76.345, 1040.0], "sampling_rate": [200.0, 20.0, 100.0, 20.0, 100.0, 100.0, 20.0, 200.0, 200.0]}, "FLO2": {"network": "CM", "channels": ["HNN", "BHE", "HHN", "BHN", "HHZ", "HHE", "BHZ", "HNZ", "HNE"], "coords": [1.582667, -75.652667, 365.0], "sampling_rate": [200.0, 20.0, 100.0, 20.0, 100.0, 100.0, 20.0, 200.0, 200.0]}, "ORTC": {"network": "CM", "channels": ["HNN", "HHN", "HHZ", "HHE", "HNZ", "HNE"], "coords": [3.909, -75.246, 446.0], "sampling_rate": [200.0, 100.0, 100.0, 100.0, 200.0, 200.0]}, "URMC": {"network": "CM", "channels": ["HNN", "HHN", "HHZ", "HHE", "HNZ", "HNE"], "coords": [3.24719, -74.37879, 725.0], "sampling_rate": [200.0, 100.0, 100.0, 100.0, 200.0, 200.0]}, "CHI": {"network": "CM", "channels": ["HHN", "HHZ", "HHE"], "coords": [4.6295, -73.7371, 3140.0], "sampling_rate": [100.0, 100.0, 100.0]}, "GARC": {"network": "CM", "channels": ["HNN", "BHE", "HHN", "BHN", "HHZ", "HHE", "BHZ", "HNZ", "HNE"], "coords": [2.186667, -75.493167, 1999.0], "sampling_rate": [200.0, 20.0, 100.0, 20.0, 100.0, 100.0, 20.0, 200.0, 200.0]}, "PRA": {"network": "CM", "channels": ["BHE", "HHN", "BHN", "HHZ", "HHE", "BHZ"], "coords": [3.713833, -74.886167, 457.0], "sampling_rate": [20.0, 100.0, 20.0, 100.0, 100.0, 20.0]}}