{"YOT": {"network": "CM", "channels": ["BHN", "BHZ", "HHZ", "HNE", "HHN", "HHE", "HNZ", "BHE", "HNN"], "coords": [3.9835, -76.345, 1040.0], "sampling_rate": [20.0, 20.0, 100.0, 200.0, 100.0, 100.0, 200.0, 20.0, 200.0]}, "FLO2": {"network": "CM", "channels": ["BHN", "BHZ", "HHZ", "HNE", "HHN", "HHE", "HNZ", "BHE", "HNN"], "coords": [1.582667, -75.652667, 365.0], "sampling_rate": [20.0, 20.0, 100.0, 200.0, 100.0, 100.0, 200.0, 20.0, 200.0]}, "ORTC": {"network": "CM", "channels": ["HHZ", "HNE", "HHN", "HHE", "HNZ", "HNN"], "coords": [3.909, -75.246, 446.0], "sampling_rate": [100.0, 200.0, 100.0, 100.0, 200.0, 200.0]}, "URMC": {"network": "CM", "channels": ["HHZ", "HNE", "HHN", "HHE", "HNZ", "HNN"], "coords": [3.24719, -74.37879, 725.0], "sampling_rate": [100.0, 200.0, 100.0, 100.0, 200.0, 200.0]}, "CHI": {"network": "CM", "channels": ["HHN", "HHE", "HHZ"], "coords": [4.6295, -73.7371, 3140.0], "sampling_rate": [100.0, 100.0, 100.0]}, "GARC": {"network": "CM", "channels": ["BHN", "BHZ", "HHZ", "HNE", "HHN", "HHE", "HNZ", "BHE", "HNN"], "coords": [2.186667, -75.493167, 1999.0], "sampling_rate": [20.0, 20.0, 100.0, 200.0, 100.0, 100.0, 200.0, 20.0, 200.0]}, "PRA": {"network": "CM", "channels": ["BHN", "BHZ", "HHZ", "HHN", "HHE", "BHE"], "coords": [3.713833, -74.886167, 457.0], "sampling_rate": [20.0, 20.0, 100.0, 100.0, 100.0, 20.0]}, "CLEJA": {"network": "CM", "channels": ["HNZ", "HNE", "HNN"], "coords": [3.536269, -74.041429, 749.0], "sampling_rate": [200.0, 200.0, 200.0]}}