{"YOT": {"network": "CM", "channels": ["HHZ", "BHE", "HNN", "HHE", "BHZ", "BHN", "HNE", "HNZ", "HHN"], "coords": [3.9835, -76.345, 1040.0], "sampling_rate": [100.0, 20.0, 200.0, 100.0, 20.0, 20.0, 200.0, 200.0, 100.0]}, "FLO2": {"network": "CM", "channels": ["HHZ", "BHE", "HNN", "HHE", "BHZ", "BHN", "HNE", "HNZ", "HHN"], "coords": [1.582667, -75.652667, 365.0], "sampling_rate": [100.0, 20.0, 200.0, 100.0, 20.0, 20.0, 200.0, 200.0, 100.0]}, "ORTC": {"network": "CM", "channels": ["HHZ", "HNN", "HHE", "HNE", "HNZ", "HHN"], "coords": [3.909, -75.246, 446.0], "sampling_rate": [100.0, 200.0, 100.0, 200.0, 200.0, 100.0]}, "URMC": {"network": "CM", "channels": ["HHZ", "HNN", "HHE", "HNE", "HNZ", "HHN"], "coords": [3.24719, -74.37879, 725.0], "sampling_rate": [100.0, 200.0, 100.0, 200.0, 200.0, 100.0]}, "CHI": {"network": "CM", "channels": ["HHZ", "HHE", "HHN"], "coords": [4.6295, -73.7371, 3140.0], "sampling_rate": [100.0, 100.0, 100.0]}, "GARC": {"network": "CM", "channels": ["HHZ", "BHE", "HNN", "HHE", "BHZ", "BHN", "HNE", "HNZ", "HHN"], "coords": [2.186667, -75.493167, 1999.0], "sampling_rate": [100.0, 20.0, 200.0, 100.0, 20.0, 20.0, 200.0, 200.0, 100.0]}, "PRA": {"network": "CM", "channels": ["HHZ", "BHE", "HHE", "BHZ", "BHN", "HHN"], "coords": [3.713833, -74.886167, 457.0], "sampling_rate": [100.0, 20.0, 100.0, 20.0, 20.0, 100.0]}, "CLEJA": {"network": "CM", "channels": ["HNE", "HNN", "HNZ"], "coords": [3.536269, -74.041429, 749.0], "sampling_rate": [200.0, 200.0, 200.0]}}